Z_OTdata_WELDING1,B200_CraneUnldOprtn
Z_OTdata_WELDING1,B3A1_Weld1TruckArvl
Z_OTdata_WELDING1,B40F_EmerStop
Z_OTdata_WELDING1,B432_ModifyCntrlDvcAbn
Z_OTdata_WELDING1,B433_MainAirAbn
Z_OTdata_WELDING1,B434_HiFreqUseSel
Z_OTdata_WELDING1,B45F_CarCall
Z_OTdata_WELDING1,B48C_Weld1EAbn
Z_OTdata_WELDING1,B48D_Weld1WAbn
Z_OTdata_WELDING1,B48E_Weld3EAbn
Z_OTdata_WELDING1,B48F_Weld3WAbn
Z_OTdata_WELDING1,B491_CarCall
Z_OTdata_WELDING1,B500_ClngWtr1EAbn
Z_OTdata_WELDING1,B501_ClngWtr1WAbn
Z_OTdata_WELDING1,B502_ClngWtr3EAbn
Z_OTdata_WELDING1,B503_ClngWtr3WAbn
Z_OTdata_WELDING1,BLOCK_Block
Z_OTdata_WELDING1,BLOCK_D4_Block
Z_OTdata_WELDING1,BLOCK_UNIT_UnitBck
Z_OTdata_WELDING1,BLOCK_UNIT_D4_UnitBck
Z_OTdata_WELDING1,BLOCK_UNIT_W_UnitBck
Z_OTdata_WELDING1,BLOCK_W_Block
Z_OTdata_WELDING1,D2009_Coilheight
Z_OTdata_WELDING1,D2010_HiFreqOtpt3Bay
Z_OTdata_WELDING1,D4002_NrmlRunRwrk
Z_OTdata_WELDING1,D404_WeldCmpltDtctEncdrPls
Z_OTdata_WELDING1,D406_HiFreqServoUpEncdrPls
Z_OTdata_WELDING1,D4071_SizeOfFilletWelding
Z_OTdata_WELDING1,D4082_PSSel
Z_OTdata_WELDING1,D4083_URDtct
Z_OTdata_WELDING1,D4084_FACESbsdMtrPst
Z_OTdata_WELDING1,D4085_WebSbsdMtrPst
Z_OTdata_WELDING1,D410_SbsdMtrInsrtDtctEncdrPls
Z_OTdata_WELDING1,D4106_DayTimeNightTime
Z_OTdata_WELDING1,D8000_Status
Z_OTdata_WELDING1,D8001_SbsdMtrWorkRunStop
Z_OTdata_WELDING1,D8002_NrmlRunRwrk
Z_OTdata_WELDING1,D8071_SizeOfFilletWelding
Z_OTdata_WELDING1,D8082_PSSel
Z_OTdata_WELDING1,D8083_URDtct
Z_OTdata_WELDING1,D8084_FaceSbsdMtrPst
Z_OTdata_WELDING1,D8085_WebSbsdMtrPst
Z_OTdata_WELDING1,D8106_DayTimeNightTime
Z_OTdata_WELDING1,D8107_RunYearMonth
Z_OTdata_WELDING1,D8108_RunDayHour
Z_OTdata_WELDING1,D8109_RunMinSec
Z_OTdata_WELDING1,D8110_CmpltYearMonth
Z_OTdata_WELDING1,D8111_CmpltDayHour
Z_OTdata_WELDING1,D8112_CmpltMinSec
Z_OTdata_WELDING1,D9063_Coilhght
Z_OTdata_WELDING1,D9064_CoilOtptValue
Z_OTdata_WELDING1,In_FaceLength1_FaceLngth1
Z_OTdata_WELDING1,In_FaceLength1_D4_FaceLngth1
Z_OTdata_WELDING1,In_FaceLength1_W_FaceLngth1
Z_OTdata_WELDING1,In_FaceLength2_FaceLngth2
Z_OTdata_WELDING1,In_FaceLength2_D4_FaceLngth2
Z_OTdata_WELDING1,In_FaceLength2_W_FaceLngth2
Z_OTdata_WELDING1,In_FaceTickness1_FaceWidth1
Z_OTdata_WELDING1,In_FaceTickness1_D4_FaceWidth1
Z_OTdata_WELDING1,In_FaceTickness1_W_FaceWidth1
Z_OTdata_WELDING1,In_FaceTickness2_FaceWidth2
Z_OTdata_WELDING1,In_FaceTickness2_D4_FaceWidth2
Z_OTdata_WELDING1,In_FaceTickness2_W_FaceWidth2
Z_OTdata_WELDING1,In_FaceWeight1_FaceWght1
Z_OTdata_WELDING1,In_FaceWeight1_D4_FaceWght1
Z_OTdata_WELDING1,In_FaceWeight1_W_FaceWght1
Z_OTdata_WELDING1,In_FaceWeight2_FaceWght2
Z_OTdata_WELDING1,In_FaceWeight2_D4_FaceWght2
Z_OTdata_WELDING1,In_FaceWeight2_W_FaceWght2
Z_OTdata_WELDING1,In_FaceWidth1_FaceWidth1
Z_OTdata_WELDING1,In_FaceWidth1_D4_FaceWidth1
Z_OTdata_WELDING1,In_FaceWidth1_W_FaceWidth1
Z_OTdata_WELDING1,In_FaceWidth2_FaceWidth2
Z_OTdata_WELDING1,In_FaceWidth2_D4_FaceWidth2
Z_OTdata_WELDING1,In_FaceWidth2_W_FaceWidth2
Z_OTdata_WELDING1,In_WebLength1_WebLngth1
Z_OTdata_WELDING1,In_WebLength1_D4_WebLngth1
Z_OTdata_WELDING1,In_WebLength1_W_WebLngth1
Z_OTdata_WELDING1,In_WebLength2_WebLngth2
Z_OTdata_WELDING1,In_WebLength2_D4_WebLngth2
Z_OTdata_WELDING1,In_WebLength2_W_WebLngth2
Z_OTdata_WELDING1,In_WebTickness1_WebWidth1
Z_OTdata_WELDING1,In_WebTickness1_D4_WebWidth1
Z_OTdata_WELDING1,In_WebTickness1_W_WebWidth1
Z_OTdata_WELDING1,In_WebTickness2_WebWidth2
Z_OTdata_WELDING1,In_WebTickness2_D4_WebWidth2
Z_OTdata_WELDING1,In_WebTickness2_W_WebWidth2
Z_OTdata_WELDING1,In_WebWeight1_WebWght1
Z_OTdata_WELDING1,In_WebWeight1_D4_WebWght1
Z_OTdata_WELDING1,In_WebWeight1_W_WebWght1
Z_OTdata_WELDING1,In_WebWeight2_WebWght2
Z_OTdata_WELDING1,In_WebWeight2_D4_WebWght2
Z_OTdata_WELDING1,In_WebWeight2_W_WebWght2
Z_OTdata_WELDING1,In_WebWidth1_WebWidth1
Z_OTdata_WELDING1,In_WebWidth1_D4_WebWidth1
Z_OTdata_WELDING1,In_WebWidth1_W_WebWidth1
Z_OTdata_WELDING1,In_WebWidth2_WebWidth2
Z_OTdata_WELDING1,In_WebWidth2_D4_WebWidth2
Z_OTdata_WELDING1,In_WebWidth2_W_WebWidth2
Z_OTdata_WELDING1,L1006_HiFreqPstDcsnCmplt
Z_OTdata_WELDING1,L1022_DownDataTrance
Z_OTdata_WELDING1,L1023_DownDataTrance
Z_OTdata_WELDING1,LOT_LOT
Z_OTdata_WELDING1,LOT_D4_LOT
Z_OTdata_WELDING1,LOT_W_LOT
Z_OTdata_WELDING1,M113_Trouble
Z_OTdata_WELDING1,M114_Alarm
Z_OTdata_WELDING1,M115_EmerStop
Z_OTdata_WELDING1,M128_HomePosition
Z_OTdata_WELDING1,M152_WeldPst
Z_OTdata_WELDING1,M190_Flt1
Z_OTdata_WELDING1,M191_Flt2
Z_OTdata_WELDING1,M192_Flt3
Z_OTdata_WELDING1,M194_AllFlt
Z_OTdata_WELDING1,M200_InCnvyrRunWait
Z_OTdata_WELDING1,M201_InCnvyrRunWait
Z_OTdata_WELDING1,M202_InfeedRun
Z_OTdata_WELDING1,M203_InfeedCluch
Z_OTdata_WELDING1,M204_InCnvyrDclrtStop
Z_OTdata_WELDING1,M205_InCnvyrStopCheck
Z_OTdata_WELDING1,M206_InCnvyrSbsdMtrPass
Z_OTdata_WELDING1,M207_InCnvyrSbsdMtrPassCmplt
Z_OTdata_WELDING1,M208_InCnvyrGuideDown
Z_OTdata_WELDING1,M211_InCnvyrSbsdMtrInsrtPrcsCmplt
Z_OTdata_WELDING1,M250_InCnvyrRdy
Z_OTdata_WELDING1,M300_WeldPrcsRunWait
Z_OTdata_WELDING1,M301_WeldServoFWD
Z_OTdata_WELDING1,M302_ServoWeldLowVlctyFWD
Z_OTdata_WELDING1,M304_FaceCenteringDeviceFrwrdE
Z_OTdata_WELDING1,M305_WebSetter12Frwrd
Z_OTdata_WELDING1,M306_WebClamp12Frwrd
Z_OTdata_WELDING1,M307_HeadServoStepRun
Z_OTdata_WELDING1,M308_WebPressDown1
Z_OTdata_WELDING1,M309_TorchSlideDownFrwrd
Z_OTdata_WELDING1,M311_HiFreqCoilDownFrwrd
Z_OTdata_WELDING1,M312_TorchSetting
Z_OTdata_WELDING1,M313_WeldRun
Z_OTdata_WELDING1,M314_WebPressDown
Z_OTdata_WELDING1,M315_FaceCenteringDeviceBckwrd
Z_OTdata_WELDING1,M316_ACRSTop
Z_OTdata_WELDING1,M317_TorchSlideUpBckwrd
Z_OTdata_WELDING1,M318_WebPressUp
Z_OTdata_WELDING1,M319_WeldConvRun
Z_OTdata_WELDING1,M320_WebPressTorchRtrn
Z_OTdata_WELDING1,M321_WebClampBckwrd
Z_OTdata_WELDING1,M322_WeldMCDschr
Z_OTdata_WELDING1,M323_WebSetterBckwrd
Z_OTdata_WELDING1,M324_OutFeederRun
Z_OTdata_WELDING1,M325_OutFeederDclrt
Z_OTdata_WELDING1,M326_OutFeederStop
Z_OTdata_WELDING1,M327_RepiarCmpltCarCall
Z_OTdata_WELDING1,M328_Weld1TruckCallWait
Z_OTdata_WELDING1,M329_OutFeederFWD
Z_OTdata_WELDING1,M330_OutFeederGuideDown
Z_OTdata_WELDING1,M331_WeldPrcsCmplt
Z_OTdata_WELDING1,M350_WeldStepRdy
Z_OTdata_WELDING1,M400_HiFreqServoRunWait
Z_OTdata_WELDING1,M401_HiFreqPstDataSend
Z_OTdata_WELDING1,M420_ServoAutoRun
Z_OTdata_WELDING1,M421_ServoMoveCmplt
Z_OTdata_WELDING1,M431_HiFreqServoPrcsCmplt
Z_OTdata_WELDING1,M450_HeadServoRdy
Z_OTdata_WELDING1,M465_HiFreqCoilBckwrd
Z_OTdata_WELDING1,M5020_Weld1Cmplt
Z_OTdata_WELDING1,M5040_Weld1Run
Z_OTdata_WELDING1,M6900_FEMSCmprsAirValue
Z_OTdata_WELDING1,M6901_FEMSCo2Value
Z_OTdata_WELDING1,M8191_PwrCntrlFlag
Z_OTdata_WELDING1,MATERIAL_Material
Z_OTdata_WELDING1,MATERIAL_D4_Material
Z_OTdata_WELDING1,MATERIAL_W_Material
Z_OTdata_WELDING1,MDL_SYMBOL_SubAsmblSymbl
Z_OTdata_WELDING1,MDL_SYMBOL_D4_SubAsmblSymbl
Z_OTdata_WELDING1,MDL_SYMBOL_NO_SubAsmblSeq
Z_OTdata_WELDING1,MDL_SYMBOL_NO_D4_SubAsmblSeq
Z_OTdata_WELDING1,MDL_SYMBOL_NO_W_SubAsmblSeq
Z_OTdata_WELDING1,MDL_SYMBOL_W_SubAsmblSymbl
Z_OTdata_WELDING1,SB049_CnctFlt
Z_OTdata_WELDING1,SHIPNO_ShipNumber
Z_OTdata_WELDING1,SHIPNO_D4_ShipNumber
Z_OTdata_WELDING1,SHIPNO_W_ShipNumber
Z_OTdata_WELDING1,SM400_PLCRun
Z_OTdata_WELDING1,TS035_HeadServoStepDely
Z_OTdata_WELDING1,TS090_FaceCentFrwrdDely
Z_OTdata_WELDING1,TS091_WebSetter12FrwrdCmplt
Z_OTdata_WELDING1,TS092_WebClampFrwrdCmplt
Z_OTdata_WELDING1,TS094_ArcStopCmpltCheck
Z_OTdata_WELDING1,TS097_OutFeederOtptCmpltCheck
Z_OTdata_WELDING1,TS100_InCnvyrSbsdMtrDtct
Z_OTdata_WELDING1,TS101_StopDely
Z_OTdata_WELDING1,TS102_InCnvyrGuideDown
Z_OTdata_WELDING1,TS103_InCnvyrGuideUpDely
Z_OTdata_WELDING1,TS111_TorchSlideDownFrwrdCmplt
Z_OTdata_WELDING1,TS116_HiFreqDownFrwrdCmplt
Z_OTdata_WELDING1,TS117_FaceCenterDeviceBckwrdCmplt
Z_OTdata_WELDING1,TS119_WebPress1DownCmplt
Z_OTdata_WELDING1,TS200_HiFreqPstDataSendCmplt
Z_OTdata_WELDING1,TS204_ServoAutoRunDely
Z_OTdata_WELDING1,TS206_HiFreqPstDcsn
Z_OTdata_WELDING1,TS230_WeldServoFWDDely
Z_OTdata_WELDING1,TS231_HiFreqCoilBckwrd
Z_OTdata_WELDING1,W1600_NrmlRunRwrk
Z_OTdata_WELDING1,W163D_Spare
Z_OTdata_WELDING1,W163E_Spare
Z_OTdata_WELDING1,W163F_Spare
Z_OTdata_WELDING1,W1640_Spare
Z_OTdata_WELDING1,W1641_Spare
Z_OTdata_WELDING1,W1642_Spare
Z_OTdata_WELDING1,W1643_Spare
Z_OTdata_WELDING1,W1644_Spare
Z_OTdata_WELDING1,W1645_SizeOfFilletWelding
Z_OTdata_WELDING1,W1650_PSSel
Z_OTdata_WELDING1,W1651_URDtct
Z_OTdata_WELDING1,W1652_FACESbsdMtrPst123
Z_OTdata_WELDING1,W1653_WebSbsdMtrPst
Z_OTdata_WELDING1,W1668_DayTimeNightTime
Z_OTdata_WELDING1,W542_3BayTemp
Z_OTdata_WELDING1,W552_1BayTemp
Z_OTdata_WELDING1,WORKER_NAME_WrkrName
Z_OTdata_WELDING1,WORKER_NAME_D4_WrkrName
Z_OTdata_WELDING1,WORKER_NAME_W_WrkrName
Z_OTdata_WELDING1,WORKER_NO_WrkrEmplyNum
Z_OTdata_WELDING1,WORKER_NO_D4_WrkrEmplyNum
Z_OTdata_WELDING1,WORKER_NO_W_WrkrEmplyNum
Z_OTdata_WELDING1,X000_EmerStopSig
Z_OTdata_WELDING1,X001_FltRstSw
Z_OTdata_WELDING1,X002_BzrStopSw
Z_OTdata_WELDING1,X003_WeldRunTouchPushBtn
Z_OTdata_WELDING1,X004_RepiarCmplt
Z_OTdata_WELDING1,X005_UpDownDvcPstDcsnCmpltSig
Z_OTdata_WELDING1,X006_ModifyCntrlDvcAutoManSig
Z_OTdata_WELDING1,X007_ModifyCntrlRdySig
Z_OTdata_WELDING1,X008_ModifyCntrlFltSig
Z_OTdata_WELDING1,X009_AirConditionerFlt
Z_OTdata_WELDING1,X00A_FumeCollectorRunSig
Z_OTdata_WELDING1,X00B_FumeCollectorFltSig
Z_OTdata_WELDING1,X00C_FumeCollectorChngDamageSig
Z_OTdata_WELDING1,X00D_DustCollectorRunSig
Z_OTdata_WELDING1,X00E_DustCollectorFltSig
Z_OTdata_WELDING1,X00F_DustCollectorFltrChngDamageSig
Z_OTdata_WELDING1,X010_WeldLineHYDMtrFlt
Z_OTdata_WELDING1,X011_MCDrvngPartServoMtrFlt
Z_OTdata_WELDING1,X012_HiFreqHeadUpDownDvcFlt
Z_OTdata_WELDING1,X013_Spare
Z_OTdata_WELDING1,X014_OutfeedingCnvyrFlt
Z_OTdata_WELDING1,X015_PwrSource1EArcOnSig
Z_OTdata_WELDING1,X016_PwrSource1WArcOnSig
Z_OTdata_WELDING1,X017_PwrSource3EArcOnSig
Z_OTdata_WELDING1,X018_PwrSource3WArcOnSig
Z_OTdata_WELDING1,X019_PailPack1WireLngthLow
Z_OTdata_WELDING1,X01A_PailPack2WireLngthLow
Z_OTdata_WELDING1,X01B_PailPack3WireLngthLow
Z_OTdata_WELDING1,X01C_PailPack4WireLngthLow
Z_OTdata_WELDING1,X01D_HiFreqHeadUpDownDvcDataCheckSig
Z_OTdata_WELDING1,X01E_Encoder
Z_OTdata_WELDING1,X01F_SlagRmvRunDtct
Z_OTdata_WELDING1,X020_SbsdMtrInsrtDtct
Z_OTdata_WELDING1,X021_DclrtPstDtct
Z_OTdata_WELDING1,X022_Spare
Z_OTdata_WELDING1,X023_WebPressRunDtct
Z_OTdata_WELDING1,X024_FaceCenteringDvcFrwrdDtct
Z_OTdata_WELDING1,X025_FaceCenteringDvcBckwrdDtct
Z_OTdata_WELDING1,X026_WebSetter12FrwrdDtct
Z_OTdata_WELDING1,X027_WebClamp1FrwrdDtct
Z_OTdata_WELDING1,X028_WebClamp2FrwrdDtct
Z_OTdata_WELDING1,X029_WebSetter1BckwrdDtct
Z_OTdata_WELDING1,X02A_WebSetter2BckwrdDtct
Z_OTdata_WELDING1,X02B_WebSetter12BckwrdDtct
Z_OTdata_WELDING1,X02C_WebClamp1BckwrdDtct
Z_OTdata_WELDING1,X02D_WebPressDownDtct1
Z_OTdata_WELDING1,X02E_WebPressDownDtct2
Z_OTdata_WELDING1,X02F_WebPressUpDtct1
Z_OTdata_WELDING1,X030_WebPressUpDtct2
Z_OTdata_WELDING1,X031_Spare
Z_OTdata_WELDING1,X032_Spare
Z_OTdata_WELDING1,X033_SlagRmvBckwrdDtct1
Z_OTdata_WELDING1,X034_SlagRmvBckwrdDtct2
Z_OTdata_WELDING1,X035_TorchSlide1UpDtct
Z_OTdata_WELDING1,X036_TorchSlide2UpDtct
Z_OTdata_WELDING1,X037_TorchSlide1BckwrdDtct
Z_OTdata_WELDING1,X038_TorchSlide2BckwrdDtct
Z_OTdata_WELDING1,X039_HiFreqCoilStrPoiDtct
Z_OTdata_WELDING1,X03A_HiFreqCoilBckwrdDtct1
Z_OTdata_WELDING1,X03B_HiFreqCoilBckwrdDtct2
Z_OTdata_WELDING1,X03C_WeldHYDUnitMainPress
Z_OTdata_WELDING1,X03D_WeldHYDUnitOilLevelSw
Z_OTdata_WELDING1,X03E_WeldHYDUnitHitempDtct
Z_OTdata_WELDING1,X03F_WeldHYDUnitAbnHiTempDtct
Z_OTdata_WELDING1,X040_MainAirPressDtct
Z_OTdata_WELDING1,X041_Co2GasPressDtct
Z_OTdata_WELDING1,X042_InCnvyrSbsdMtrDtct
Z_OTdata_WELDING1,X043_InCnvyrGuideUpDtct
Z_OTdata_WELDING1,X044_InCnvyrGuideDownDtct
Z_OTdata_WELDING1,X045_OutCnvyrSbsdMtrDtct1
Z_OTdata_WELDING1,X046_OutCnvyrSbsdMtrDtct2
Z_OTdata_WELDING1,X047_OutCnvyrSbsdMtrDtct3
Z_OTdata_WELDING1,X048_OutCnvyrSbsdMtrDtct4
Z_OTdata_WELDING1,X049_OutCnvyrSbsdMtrDtct5
Z_OTdata_WELDING1,X04A_OutCnvyrGuideUpDtct
Z_OTdata_WELDING1,X04B_OutCnvyrGuideDownDtct
Z_OTdata_WELDING1,X04C_OutCnvyrSbsdMtrStopDtct
Z_OTdata_WELDING1,X04D_CntrlPwr
Z_OTdata_WELDING1,X04E_Spaer
Z_OTdata_WELDING1,X04F_ClngWtrFlt
Z_OTdata_WELDING1,X050_ClngWtrSw1E
Z_OTdata_WELDING1,X051_ClngWtrSw1W
Z_OTdata_WELDING1,X052_ClngWtrSw3E
Z_OTdata_WELDING1,X053_ClngWtrSw3W
Z_OTdata_WELDING1,X054_Spare
Z_OTdata_WELDING1,X055_Spare
Z_OTdata_WELDING1,X056_Spare
Z_OTdata_WELDING1,X057_Spare
Z_OTdata_WELDING1,X058_Spare
Z_OTdata_WELDING1,X059_Spare
Z_OTdata_WELDING1,X05A_Spare
Z_OTdata_WELDING1,X05B_Spare
Z_OTdata_WELDING1,X05C_Spare
Z_OTdata_WELDING1,X05D_Spare
Z_OTdata_WELDING1,X05E_Spare
Z_OTdata_WELDING1,X05F_Spare
Z_OTdata_WELDING1,Y060_AutoOprtnTowerLamp
Z_OTdata_WELDING1,Y061_AlrOrEmerStopTowerLamp
Z_OTdata_WELDING1,Y062_ManOprtnTowerLamp
Z_OTdata_WELDING1,Y063_AlrBzr
Z_OTdata_WELDING1,Y064_ModifyCntrlDvcRunComma
Z_OTdata_WELDING1,Y065_ModifyCntrlDvcStopComma
Z_OTdata_WELDING1,Y066_ModifyCntrlDvcFltRst
Z_OTdata_WELDING1,Y067_FUMECollectorRunStopComma
Z_OTdata_WELDING1,Y068_DUSTCollectorRunStopComma
Z_OTdata_WELDING1,Y069_VibSolSlagRmv
Z_OTdata_WELDING1,Y06A_AirBrkSolSlagRmv
Z_OTdata_WELDING1,Y06B_Spare
Z_OTdata_WELDING1,Y06C_Spare
Z_OTdata_WELDING1,Y06D_Spare
Z_OTdata_WELDING1,Y06E_OutFeedingCnvyrClutch
Z_OTdata_WELDING1,Y06F_Spare
Z_OTdata_WELDING1,Y070_WeldLineHYDMtrMC
Z_OTdata_WELDING1,Y071_WeldLineHYDFanMC
Z_OTdata_WELDING1,Y072_MCDrvngPartServoMtrMC
Z_OTdata_WELDING1,Y073_MCDrvngPartServoMtrServoOn
Z_OTdata_WELDING1,Y074_MCDrvngPartServoMtrRst
Z_OTdata_WELDING1,Y075_MCDrvngPartServoMtrManFrwrd
Z_OTdata_WELDING1,Y076_MCDrvngPartServoMtrManBckwrd
Z_OTdata_WELDING1,Y077_HiFreqHeadUpDownDvcMtrMC
Z_OTdata_WELDING1,Y078_HiFreqHeadUpDownDvcMtrServoOn
Z_OTdata_WELDING1,Y079_HiFreqHeadUpDownDvcMtrRst
Z_OTdata_WELDING1,Y07A_HiFreqHeadUpDownDvcMtrStrPoiComma
Z_OTdata_WELDING1,Y07B_HiFreqHeadUpDownDvcMtrCntClr
Z_OTdata_WELDING1,Y07C_HiFreqHeadUpDownDvcMtrStrPoiDclrt
Z_OTdata_WELDING1,Y07D_HiFreqHeadUpDownDvcMtrAutoRun
Z_OTdata_WELDING1,Y07E_HiFreqHeadUpDownDvcMtrManDown
Z_OTdata_WELDING1,Y07F_HiFreqHeadUpDownDvcMtrManUp
Z_OTdata_WELDING1,Y080_Spare
Z_OTdata_WELDING1,Y081_Spare
Z_OTdata_WELDING1,Y082_Spare
Z_OTdata_WELDING1,Y083_Spare
Z_OTdata_WELDING1,Y084_Spare
Z_OTdata_WELDING1,Y085_ClngWtrMC
Z_OTdata_WELDING1,Y086_InFeedingCnvyrMtrCW
Z_OTdata_WELDING1,Y087_InFeedingCnvyrMtrCCW
Z_OTdata_WELDING1,Y088_OutFeedingCnvyrMtrMC
Z_OTdata_WELDING1,Y089_OutFeedingCnvyrMtrCW
Z_OTdata_WELDING1,Y08A_OutFeedingCnvyrMtrDclrt
Z_OTdata_WELDING1,Y08B_OutFeedingCnvyrMtrCCW
Z_OTdata_WELDING1,Y08C_Spare
Z_OTdata_WELDING1,Y08D_Spare
Z_OTdata_WELDING1,Y08E_Spare
Z_OTdata_WELDING1,Y08F_Spare
Z_OTdata_WELDING1,Y090_WeldLineHYDUnitMainSol
Z_OTdata_WELDING1,Y091_WebPress1DownSol
Z_OTdata_WELDING1,Y092_WebPress1UpSol
Z_OTdata_WELDING1,Y093_WebPress2DownSol
Z_OTdata_WELDING1,Y094_WebPress2UpSol
Z_OTdata_WELDING1,Y095_WebSetterFrwrdSol
Z_OTdata_WELDING1,Y096_WebSetterBckwrdSol
Z_OTdata_WELDING1,Y097_WebClamp1FrwrdSol
Z_OTdata_WELDING1,Y098_WebClamp1BckwrdSol
Z_OTdata_WELDING1,Y099_WebClamp2FrwrdSol
Z_OTdata_WELDING1,Y09A_WebClamp2BckwrdSol
Z_OTdata_WELDING1,Y09B_FaceCenteringDvcFrwrdSol
Z_OTdata_WELDING1,Y09C_FaceCenteringDvcBckwrdSol
Z_OTdata_WELDING1,Y09D_Spare
Z_OTdata_WELDING1,Y09E_Spare
Z_OTdata_WELDING1,Y09F_Spare
Z_OTdata_WELDING1,Y0A0_InfeedingCnvyrWebGuideUpSol
Z_OTdata_WELDING1,Y0A1_InfeedingCnvyrWebGuideDownSol
Z_OTdata_WELDING1,Y0A2_OutFeedingCnvyrWebGuide1UpSol
Z_OTdata_WELDING1,Y0A3_OutFeedingCnvyrWebGuide1DownSol
Z_OTdata_WELDING1,Y0A4_OutFeedingCnvyrWebGuide2UpSol
Z_OTdata_WELDING1,Y0A5_OutFeedingCnvyrWebGuide2DownSol
Z_OTdata_WELDING1,Y0A6_OutFeedingCnvyrWebGuide3UpSol
Z_OTdata_WELDING1,Y0A7_OutFeedingCnvyrWebGuide3DownSol
Z_OTdata_WELDING1,Y0A8_OutFeedingCnvyrWebGuide4UpSol
Z_OTdata_WELDING1,Y0A9_OutFeedingCnvyrWebGuide4DownSol
Z_OTdata_WELDING1,Y0AA_OutFeedingCnvyrWebGuide5UpSol
Z_OTdata_WELDING1,Y0AB_OutFeedingCnvyrWebGuide5DownSol
Z_OTdata_WELDING1,Y0AC_TorchSlide1UpSol
Z_OTdata_WELDING1,Y0AD_TorchSlide1DownSol
Z_OTdata_WELDING1,Y0AE_TorchSlide1BrkOpenSol
Z_OTdata_WELDING1,Y0AF_TorchSlide2UpSol
Z_OTdata_WELDING1,Y0B0_TorchSlide2DownSol
Z_OTdata_WELDING1,Y0B1_TorchSlide2BrkOpenSol
Z_OTdata_WELDING1,Y0B2_TorchSlide1UpSol
Z_OTdata_WELDING1,Y0B3_TorchSlide1DownSol
Z_OTdata_WELDING1,Y0B4_TorchSlide1BrkOpenSol
Z_OTdata_WELDING1,Y0B5_TorchSlide2UpSol
Z_OTdata_WELDING1,Y0B6_TorchSlide2DownSol
Z_OTdata_WELDING1,Y0B7_TorchSlide2BrkOpenSol
Z_OTdata_WELDING1,Y0B8_HiFreqCoilFrwrdSol
Z_OTdata_WELDING1,Y0B9_HiFreqCoilBckwrdSol
Z_OTdata_WELDING1,Y0BA_SlagRmvFrwrdSol
Z_OTdata_WELDING1,Y0BB_SlagRmvBckwrdSol
Z_OTdata_WELDING1,Y0BC_Spare
Z_OTdata_WELDING1,Y0BD_Spare
Z_OTdata_WELDING1,Y0BE_Spare
Z_OTdata_WELDING1,Y0BF_Spare
Z_OTdata_WELDING1,Y0C0_WeldPwrSource1ArcRun
Z_OTdata_WELDING1,Y0C1_WeldPwrSource2ArcRun
Z_OTdata_WELDING1,Y0C2_WeldPwrSource3ArcRun
Z_OTdata_WELDING1,Y0C3_WeldPwrSource4ArcRun
Z_OTdata_WELDING1,Y0C4_WireFeeder1InchingUpDown
Z_OTdata_WELDING1,Y0C5_WireFeeder1Inching
Z_OTdata_WELDING1,Y0C6_WireFeeder2InchingUpDown
Z_OTdata_WELDING1,Y0C7_WireFeeder2Inching
Z_OTdata_WELDING1,Y0C8_WireFeeder3InchingUpDown
Z_OTdata_WELDING1,Y0C9_WireFeeder3Inching
Z_OTdata_WELDING1,Y0CA_WireFeeder4InchingUpDown
Z_OTdata_WELDING1,Y0CB_WireFeeder4Inching
Z_OTdata_WELDING1,Y0CC_WeldSpdCommaAutoOprtn
Z_OTdata_WELDING1,Y0CD_Spare
Z_OTdata_WELDING1,Y0CE_Spare
Z_OTdata_WELDING1,Y0CF_Spare
Z_OTdata_WELDING1,Y0D0_HiFreqHeadUpDownDvcDataBus0
Z_OTdata_WELDING1,Y0D1_HiFreqHeadUpDownDvcDataBus1
Z_OTdata_WELDING1,Y0D2_HiFreqHeadUpDownDvcDataBus2
Z_OTdata_WELDING1,Y0D3_HiFreqHeadUpDownDvcDataBus3
Z_OTdata_WELDING1,Y0D4_HiFreqHeadUpDownDvcDataBus4
Z_OTdata_WELDING1,Y0D5_HiFreqHeadUpDownDvcDataBus5
Z_OTdata_WELDING1,Y0D6_HiFreqHeadUpDownDvcDataBus6
Z_OTdata_WELDING1,Y0D7_HiFreqHeadUpDownDvcDataBus7
Z_OTdata_WELDING1,Y0D8_HiFreqHeadUpDownDvcAdrBus0
Z_OTdata_WELDING1,Y0D9_HiFreqHeadUpDownDvcAdrBus1
Z_OTdata_WELDING1,Y0DA_HiFreqHeadUpDownDvcAdrBus2
Z_OTdata_WELDING1,Y0DB_HiFreqHeadUpDownDvcAdrBus3
Z_OTdata_WELDING1,Y0DC_HiFreqHeadUpDownDvcAdrBus4
Z_OTdata_WELDING1,Y0DD_HiFreqHeadUpDownDvcDataSet
Z_OTdata_WELDING1,Y0DE_TruckCallComma
Z_OTdata_WELDING1,Y0DF_Spare
Z_OTdata_WELDING1,B504_MchnFlt
Z_OTdata_WELDING1,BLOCK_UNIT_W_UnitBck
Z_OTdata_WELDING1,BLOCK_W_Block
Z_OTdata_WELDING1,D4063_CoilPstComma
Z_OTdata_WELDING1,D4064_ThrmlOtptComma
Z_OTdata_WELDING1,D6906_OutServoPstDfrncSetVal
Z_OTdata_WELDING1,D8063_CoilPstComma
Z_OTdata_WELDING1,D8064_ThrmlOtptComma
Z_OTdata_WELDING1,D9106_DayTimeNightTime
Z_OTdata_WELDING1,D9150_MntnnStus
Z_OTdata_WELDING1,In_FaceLength1_W_FaceLngth1
Z_OTdata_WELDING1,In_FaceLength2_W_FaceLngth2
Z_OTdata_WELDING1,In_FaceTickness1_W_FaceWidth1
Z_OTdata_WELDING1,In_FaceTickness2_W_FaceWidth2
Z_OTdata_WELDING1,In_FaceWeight1_W_FaceWght1
Z_OTdata_WELDING1,In_FaceWeight2_W_FaceWght2
Z_OTdata_WELDING1,In_FaceWidth1_W_FaceWidth1
Z_OTdata_WELDING1,In_FaceWidth2_W_FaceWidth2
Z_OTdata_WELDING1,In_WebLength1_W_WebLngth1
Z_OTdata_WELDING1,In_WebLength2_W_WebLngth2
Z_OTdata_WELDING1,In_WebTickness1_W_WebThckn1
Z_OTdata_WELDING1,In_WebTickness2_W_WebThckn2
Z_OTdata_WELDING1,In_WebWeight1_W_WebWght1
Z_OTdata_WELDING1,In_WebWeight2_W_WebWght2
Z_OTdata_WELDING1,In_WebWidth1_W_WebWidth1
Z_OTdata_WELDING1,In_WebWidth2_W_WebWidth2
Z_OTdata_WELDING1,LOT_W_LOT
Z_OTdata_WELDING1,MATERIAL_W_Material
Z_OTdata_WELDING1,MDL_SYMBOL_NO_W_SubAsmblSeq
Z_OTdata_WELDING1,MDL_SYMBOL_W_SubAsmblSymbl
Z_OTdata_WELDING1,SHIPNO_W_ShipNumber
Z_OTdata_WELDING1,W0600_WrkrName
Z_OTdata_WELDING1,W1600_WrkrEmplyNum
Z_OTdata_WELDING1,W163D_Spare
Z_OTdata_WELDING1,W163E_Spare
Z_OTdata_WELDING1,W163F_Spare
Z_OTdata_WELDING1,W1640_Spare
Z_OTdata_WELDING1,W1641_Spare
Z_OTdata_WELDING1,W1642_Spare
Z_OTdata_WELDING1,W1643_Spare
Z_OTdata_WELDING1,W1644_Spare
Z_OTdata_WELDING1,W1645_SizeOfFilletWelding
Z_OTdata_WELDING1,W1650_PSSel
Z_OTdata_WELDING1,W1651_URDtct
Z_OTdata_WELDING1,W1652_FACESbsdMtrPst
Z_OTdata_WELDING1,W1653_WebSbsdMtrPst
Z_OTdata_WELDING1,W1668_DayTimeNightTime
Z_OTdata_WELDING1,WORKER_NAME_WrkrName
Z_OTdata_WELDING1,WORKER_NAME_W_WrkrName
Z_OTdata_WELDING1,WORKER_NO_WrkrEmplyNum
Z_OTdata_WELDING1,WORKER_NO_W_WrkrEmplyNum
,
,
,
,
,
,
,
,
,
,
,
,
,
,
,
,
,
,
,
,
,
,
,
,
,
,
,
,
,
,
,
,
,
,
,
,
,
,
,
,
,
,
,
,
,
,
,
,
,
,
,
,
,
,
,
,
